x	y	label	group
20.6896551724138	-17.5	1	-1
48.2758620689655	-17.5	2	-1
75.8620689655172	-17.5	3	-1
103.448275862069	-17.5	4	-1
131.034482758621	-17.5	5	-1
158.620689655172	-17.5	6	-1
186.206896551724	-17.5	7	-1
213.793103448276	-17.5	8	-1
241.379310344828	-17.5	9	-1
268.965517241379	-17.5	10	-1
296.551724137931	-17.5	11	-1
324.137931034483	-17.5	12	-1
351.724137931034	-17.5	13	-1
379.310344827586	-17.5	14	-1
